,Non_Res_Travel,Country,Year,Non-resident travellers (thousands)
0,ARRIVALS,TOTAL,2012.0,5568.9
1,ARRIVALS,TOTAL,2013.0,5821.8
2,ARRIVALS,TOTAL,2014.0,6245.9
3,ARRIVALS,TOTAL,2015.0,6841.7
4,ARRIVALS,TOTAL,2016.0,6797.0
5,ARRIVALS,TOTAL,2017.0,7725.8
6,ARRIVALS,TOTAL,2018.0,7775.2
7,ARRIVALS,TOTAL,2019.0,8342.3
8,ARRIVALS,TOTAL,2020.0,3203.6
9,ARRIVALS,TOTAL,2021.0,1936.8
10,ARRIVALS,US,2012.0,41.4
11,ARRIVALS,US,2013.0,41.5
12,ARRIVALS,US,2014.0,30.3
13,ARRIVALS,US,2015.0,0.0
14,ARRIVALS,US,2016.0,52.7
15,ARRIVALS,US,2017.0,107.7
16,ARRIVALS,US,2018.0,58.1
17,ARRIVALS,US,2019.0,81.5
18,ARRIVALS,US,2020.0,0.0
19,ARRIVALS,US,2021.0,0.0
20,ARRIVALS,UK,2012.0,87.4
21,ARRIVALS,UK,2013.0,90.1
22,ARRIVALS,UK,2014.0,111.8
23,ARRIVALS,UK,2015.0,138.7
24,ARRIVALS,UK,2016.0,142.0
25,ARRIVALS,UK,2017.0,266.2
26,ARRIVALS,UK,2018.0,362.1
27,ARRIVALS,UK,2019.0,313.3
28,ARRIVALS,UK,2020.0,67.7
29,ARRIVALS,UK,2021.0,88.2
30,ARRIVALS,AM,2012.0,5.7
31,ARRIVALS,AM,2013.0,0.0
32,ARRIVALS,AM,2014.0,0.0
33,ARRIVALS,AM,2015.0,0.0
34,ARRIVALS,AM,2016.0,0.0
35,ARRIVALS,AM,2017.0,0.0
36,ARRIVALS,AM,2018.0,0.0
37,ARRIVALS,AM,2019.0,0.0
38,ARRIVALS,AM,2020.0,0.0
39,ARRIVALS,AM,2021.0,0.0
40,ARRIVALS,AU,2012.0,0.0
41,ARRIVALS,AU,2013.0,6.9
42,ARRIVALS,AU,2014.0,0.0
43,ARRIVALS,AU,2015.0,0.0
44,ARRIVALS,AU,2016.0,0.0
45,ARRIVALS,AU,2017.0,0.0
46,ARRIVALS,AU,2018.0,0.0
47,ARRIVALS,AU,2019.0,22.2
48,ARRIVALS,AU,2020.0,0.0
49,ARRIVALS,AU,2021.0,0.0
50,ARRIVALS,AT,2012.0,21.8
51,ARRIVALS,AT,2013.0,23.0
52,ARRIVALS,AT,2014.0,21.8
53,ARRIVALS,AT,2015.0,23.1
54,ARRIVALS,AT,2016.0,26.9
55,ARRIVALS,AT,2017.0,43.6
56,ARRIVALS,AT,2018.0,71.3
57,ARRIVALS,AT,2019.0,25.9
58,ARRIVALS,AT,2020.0,8.5
59,ARRIVALS,AT,2021.0,10.5
60,ARRIVALS,BY,2012.0,168.5
61,ARRIVALS,BY,2013.0,194.7
62,ARRIVALS,BY,2014.0,202.0
63,ARRIVALS,BY,2015.0,160.6
64,ARRIVALS,BY,2016.0,151.8
65,ARRIVALS,BY,2017.0,173.7
66,ARRIVALS,BY,2018.0,253.0
67,ARRIVALS,BY,2019.0,268.9
68,ARRIVALS,BY,2020.0,59.5
69,ARRIVALS,BY,2021.0,72.2
70,ARRIVALS,BE,2012.0,47.4
71,ARRIVALS,BE,2013.0,51.6
72,ARRIVALS,BE,2014.0,38.4
73,ARRIVALS,BE,2015.0,55.9
74,ARRIVALS,BE,2016.0,37.5
75,ARRIVALS,BE,2017.0,52.4
76,ARRIVALS,BE,2018.0,31.8
77,ARRIVALS,BE,2019.0,45.3
78,ARRIVALS,BE,2020.0,7.4
79,ARRIVALS,BE,2021.0,8.9
80,ARRIVALS,BG,2012.0,10.3
81,ARRIVALS,BG,2013.0,6.3
82,ARRIVALS,BG,2014.0,5.3
83,ARRIVALS,BG,2015.0,5.5
84,ARRIVALS,BG,2016.0,4.5
85,ARRIVALS,BG,2017.0,4.9
86,ARRIVALS,BG,2018.0,6.8
87,ARRIVALS,BG,2019.0,0.0
88,ARRIVALS,BG,2020.0,0.0
89,ARRIVALS,BG,2021.0,0.0
90,ARRIVALS,CZ,2012.0,39.0
91,ARRIVALS,CZ,2013.0,42.5
92,ARRIVALS,CZ,2014.0,40.3
93,ARRIVALS,CZ,2015.0,48.3
94,ARRIVALS,CZ,2016.0,41.0
95,ARRIVALS,CZ,2017.0,45.8
96,ARRIVALS,CZ,2018.0,41.0
97,ARRIVALS,CZ,2019.0,64.1
98,ARRIVALS,CZ,2020.0,13.1
99,ARRIVALS,CZ,2021.0,15.0
100,ARRIVALS,DK,2012.0,59.8
101,ARRIVALS,DK,2013.0,59.8
102,ARRIVALS,DK,2014.0,56.8
103,ARRIVALS,DK,2015.0,53.6
104,ARRIVALS,DK,2016.0,32.6
105,ARRIVALS,DK,2017.0,63.1
106,ARRIVALS,DK,2018.0,56.9
107,ARRIVALS,DK,2019.0,46.3
108,ARRIVALS,DK,2020.0,13.1
109,ARRIVALS,DK,2021.0,16.4
110,ARRIVALS,FR,2012.0,43.0
111,ARRIVALS,FR,2013.0,52.0
112,ARRIVALS,FR,2014.0,50.3
113,ARRIVALS,FR,2015.0,43.5
114,ARRIVALS,FR,2016.0,43.2
115,ARRIVALS,FR,2017.0,41.2
116,ARRIVALS,FR,2018.0,63.9
117,ARRIVALS,FR,2019.0,62.5
118,ARRIVALS,FR,2020.0,8.7
119,ARRIVALS,FR,2021.0,17.7
120,ARRIVALS,EL,2012.0,11.2
121,ARRIVALS,EL,2013.0,14.5
122,ARRIVALS,EL,2014.0,8.4
123,ARRIVALS,EL,2015.0,7.6
124,ARRIVALS,EL,2016.0,0.0
125,ARRIVALS,EL,2017.0,0.0
126,ARRIVALS,EL,2018.0,12.2
127,ARRIVALS,EL,2019.0,5.9
128,ARRIVALS,EL,2020.0,0.0
129,ARRIVALS,EL,2021.0,0.0
130,ARRIVALS,GE,2012.0,16.4
131,ARRIVALS,GE,2013.0,20.7
132,ARRIVALS,GE,2014.0,12.1
133,ARRIVALS,GE,2015.0,12.2
134,ARRIVALS,GE,2016.0,10.4
135,ARRIVALS,GE,2017.0,18.1
136,ARRIVALS,GE,2018.0,30.4
137,ARRIVALS,GE,2019.0,33.3
138,ARRIVALS,GE,2020.0,10.1
139,ARRIVALS,GE,2021.0,10.3
140,ARRIVALS,HR,2012.0,4.2
141,ARRIVALS,HR,2013.0,3.9
142,ARRIVALS,HR,2014.0,3.5
143,ARRIVALS,HR,2015.0,0.0
144,ARRIVALS,HR,2016.0,4.7
145,ARRIVALS,HR,2017.0,6.2
146,ARRIVALS,HR,2018.0,5.0
147,ARRIVALS,HR,2019.0,7.9
148,ARRIVALS,HR,2020.0,0.0
149,ARRIVALS,HR,2021.0,0.0
150,ARRIVALS,EE,2012.0,980.3
151,ARRIVALS,EE,2013.0,1067.6
152,ARRIVALS,EE,2014.0,1186.8
153,ARRIVALS,EE,2015.0,1328.3
154,ARRIVALS,EE,2016.0,1397.5
155,ARRIVALS,EE,2017.0,1435.6
156,ARRIVALS,EE,2018.0,1356.6
157,ARRIVALS,EE,2019.0,1468.4
158,ARRIVALS,EE,2020.0,791.2
159,ARRIVALS,EE,2021.0,370.9
160,ARRIVALS,IN,2012.0,7.7
161,ARRIVALS,IN,2013.0,0.0
162,ARRIVALS,IN,2014.0,16.7
163,ARRIVALS,IN,2015.0,22.7
164,ARRIVALS,IN,2016.0,5.1
165,ARRIVALS,IN,2017.0,18.6
166,ARRIVALS,IN,2018.0,14.4
167,ARRIVALS,IN,2019.0,19.2
168,ARRIVALS,IN,2020.0,0.0
169,ARRIVALS,IN,2021.0,0.0
170,ARRIVALS,IS,2012.0,8.1
171,ARRIVALS,IS,2013.0,4.8
172,ARRIVALS,IS,2014.0,0.0
173,ARRIVALS,IS,2015.0,0.0
174,ARRIVALS,IS,2016.0,0.0
175,ARRIVALS,IS,2017.0,0.0
176,ARRIVALS,IS,2018.0,0.0
177,ARRIVALS,IS,2019.0,8.9
178,ARRIVALS,IS,2020.0,0.0
179,ARRIVALS,IS,2021.0,5.8
180,ARRIVALS,IT,2012.0,60.4
181,ARRIVALS,IT,2013.0,56.0
182,ARRIVALS,IT,2014.0,55.4
183,ARRIVALS,IT,2015.0,56.2
184,ARRIVALS,IT,2016.0,0.0
185,ARRIVALS,IT,2017.0,0.0
186,ARRIVALS,IT,2018.0,48.6
187,ARRIVALS,IT,2019.0,66.8
188,ARRIVALS,IT,2020.0,10.5
189,ARRIVALS,IT,2021.0,18.0
190,ARRIVALS,IL,2012.0,16.5
191,ARRIVALS,IL,2013.0,12.1
192,ARRIVALS,IL,2014.0,11.9
193,ARRIVALS,IL,2015.0,15.2
194,ARRIVALS,IL,2016.0,17.3
195,ARRIVALS,IL,2017.0,27.5
196,ARRIVALS,IL,2018.0,36.7
197,ARRIVALS,IL,2019.0,38.0
198,ARRIVALS,IL,2020.0,0.0
199,ARRIVALS,IL,2021.0,0.0
200,ARRIVALS,IE,2012.0,25.4
201,ARRIVALS,IE,2013.0,38.3
202,ARRIVALS,IE,2014.0,34.2
203,ARRIVALS,IE,2015.0,23.0
204,ARRIVALS,IE,2016.0,33.3
205,ARRIVALS,IE,2017.0,76.1
206,ARRIVALS,IE,2018.0,58.1
207,ARRIVALS,IE,2019.0,68.9
208,ARRIVALS,IE,2020.0,30.2
209,ARRIVALS,IE,2021.0,14.8
210,ARRIVALS,JP,2012.0,9.3
211,ARRIVALS,JP,2013.0,0.0
212,ARRIVALS,JP,2014.0,0.0
213,ARRIVALS,JP,2015.0,0.0
214,ARRIVALS,JP,2016.0,0.0
215,ARRIVALS,JP,2017.0,0.0
216,ARRIVALS,JP,2018.0,0.0
217,ARRIVALS,JP,2019.0,8.2
218,ARRIVALS,JP,2020.0,0.0
219,ARRIVALS,JP,2021.0,0.0
220,ARRIVALS,CA,2012.0,9.4
221,ARRIVALS,CA,2013.0,7.4
222,ARRIVALS,CA,2014.0,7.1
223,ARRIVALS,CA,2015.0,8.2
224,ARRIVALS,CA,2016.0,14.8
225,ARRIVALS,CA,2017.0,0.0
226,ARRIVALS,CA,2018.0,0.0
227,ARRIVALS,CA,2019.0,19.1
228,ARRIVALS,CA,2020.0,0.0
229,ARRIVALS,CA,2021.0,0.0
230,ARRIVALS,KZ,2012.0,33.4
231,ARRIVALS,KZ,2013.0,17.6
232,ARRIVALS,KZ,2014.0,28.9
233,ARRIVALS,KZ,2015.0,22.6
234,ARRIVALS,KZ,2016.0,11.5
235,ARRIVALS,KZ,2017.0,12.4
236,ARRIVALS,KZ,2018.0,35.8
237,ARRIVALS,KZ,2019.0,32.9
238,ARRIVALS,KZ,2020.0,0.0
239,ARRIVALS,KZ,2021.0,0.0
240,ARRIVALS,RU,2012.0,476.2
241,ARRIVALS,RU,2013.0,578.6
242,ARRIVALS,RU,2014.0,622.8
243,ARRIVALS,RU,2015.0,568.9
244,ARRIVALS,RU,2016.0,597.9
245,ARRIVALS,RU,2017.0,717.7
246,ARRIVALS,RU,2018.0,703.9
247,ARRIVALS,RU,2019.0,924.1
248,ARRIVALS,RU,2020.0,300.4
249,ARRIVALS,RU,2021.0,245.4
250,ARRIVALS,CN,2012.0,10.1
251,ARRIVALS,CN,2013.0,0.0
252,ARRIVALS,CN,2014.0,0.0
253,ARRIVALS,CN,2015.0,14.2
254,ARRIVALS,CN,2016.0,0.0
255,ARRIVALS,CN,2017.0,0.0
256,ARRIVALS,CN,2018.0,0.0
257,ARRIVALS,CN,2019.0,17.0
258,ARRIVALS,CN,2020.0,0.0
259,ARRIVALS,CN,2021.0,0.0
260,ARRIVALS,LT,2012.0,1982.7
261,ARRIVALS,LT,2013.0,2051.4
262,ARRIVALS,LT,2014.0,2221.8
263,ARRIVALS,LT,2015.0,2638.4
264,ARRIVALS,LT,2016.0,2747.4
265,ARRIVALS,LT,2017.0,2896.6
266,ARRIVALS,LT,2018.0,2733.6
267,ARRIVALS,LT,2019.0,2826.0
268,ARRIVALS,LT,2020.0,1341.2
269,ARRIVALS,LT,2021.0,569.0
270,ARRIVALS,MD,2012.0,8.7
271,ARRIVALS,MD,2013.0,8.6
272,ARRIVALS,MD,2014.0,5.2
273,ARRIVALS,MD,2015.0,5.1
274,ARRIVALS,MD,2016.0,7.2
275,ARRIVALS,MD,2017.0,6.0
276,ARRIVALS,MD,2018.0,0.0
277,ARRIVALS,MD,2019.0,8.2
278,ARRIVALS,MD,2020.0,0.0
279,ARRIVALS,MD,2021.0,0.0
280,ARRIVALS,NL,2012.0,39.8
281,ARRIVALS,NL,2013.0,49.0
282,ARRIVALS,NL,2014.0,53.7
283,ARRIVALS,NL,2015.0,64.6
284,ARRIVALS,NL,2016.0,0.0
285,ARRIVALS,NL,2017.0,29.7
286,ARRIVALS,NL,2018.0,36.8
287,ARRIVALS,NL,2019.0,23.2
288,ARRIVALS,NL,2020.0,9.0
289,ARRIVALS,NL,2021.0,13.2
290,ARRIVALS,NO,2012.0,126.3
291,ARRIVALS,NO,2013.0,127.3
292,ARRIVALS,NO,2014.0,117.6
293,ARRIVALS,NO,2015.0,131.6
294,ARRIVALS,NO,2016.0,0.0
295,ARRIVALS,NO,2017.0,72.6
296,ARRIVALS,NO,2018.0,84.4
297,ARRIVALS,NO,2019.0,83.0
298,ARRIVALS,NO,2020.0,22.9
299,ARRIVALS,NO,2021.0,21.6
300,ARRIVALS,PL,2012.0,212.8
301,ARRIVALS,PL,2013.0,230.2
302,ARRIVALS,PL,2014.0,204.0
303,ARRIVALS,PL,2015.0,201.1
304,ARRIVALS,PL,2016.0,249.5
305,ARRIVALS,PL,2017.0,307.2
306,ARRIVALS,PL,2018.0,267.5
307,ARRIVALS,PL,2019.0,293.9
308,ARRIVALS,PL,2020.0,147.6
309,ARRIVALS,PL,2021.0,66.0
310,ARRIVALS,PT,2012.0,8.1
311,ARRIVALS,PT,2013.0,0.0
312,ARRIVALS,PT,2014.0,9.9
313,ARRIVALS,PT,2015.0,8.7
314,ARRIVALS,PT,2016.0,8.2
315,ARRIVALS,PT,2017.0,6.0
316,ARRIVALS,PT,2018.0,6.2
317,ARRIVALS,PT,2019.0,11.3
318,ARRIVALS,PT,2020.0,0.0
319,ARRIVALS,PT,2021.0,0.0
320,ARRIVALS,RO,2012.0,5.3
321,ARRIVALS,RO,2013.0,4.6
322,ARRIVALS,RO,2014.0,4.4
323,ARRIVALS,RO,2015.0,5.9
324,ARRIVALS,RO,2016.0,5.3
325,ARRIVALS,RO,2017.0,5.7
326,ARRIVALS,RO,2018.0,5.2
327,ARRIVALS,RO,2019.0,7.2
328,ARRIVALS,RO,2020.0,0.0
329,ARRIVALS,RO,2021.0,0.0
330,ARRIVALS,SK,2012.0,12.1
331,ARRIVALS,SK,2013.0,11.0
332,ARRIVALS,SK,2014.0,5.6
333,ARRIVALS,SK,2015.0,9.5
334,ARRIVALS,SK,2016.0,17.4
335,ARRIVALS,SK,2017.0,24.7
336,ARRIVALS,SK,2018.0,16.8
337,ARRIVALS,SK,2019.0,19.2
338,ARRIVALS,SK,2020.0,0.0
339,ARRIVALS,SK,2021.0,4.8
340,ARRIVALS,FI,2012.0,151.8
341,ARRIVALS,FI,2013.0,138.7
342,ARRIVALS,FI,2014.0,133.7
343,ARRIVALS,FI,2015.0,166.5
344,ARRIVALS,FI,2016.0,156.3
345,ARRIVALS,FI,2017.0,185.9
346,ARRIVALS,FI,2018.0,186.9
347,ARRIVALS,FI,2019.0,216.7
348,ARRIVALS,FI,2020.0,75.3
349,ARRIVALS,FI,2021.0,64.6
350,ARRIVALS,ES,2012.0,23.0
351,ARRIVALS,ES,2013.0,0.0
352,ARRIVALS,ES,2014.0,22.8
353,ARRIVALS,ES,2015.0,0.0
354,ARRIVALS,ES,2016.0,0.0
355,ARRIVALS,ES,2017.0,0.0
356,ARRIVALS,ES,2018.0,31.3
357,ARRIVALS,ES,2019.0,35.7
358,ARRIVALS,ES,2020.0,0.0
359,ARRIVALS,ES,2021.0,11.3
360,ARRIVALS,CH,2012.0,26.8
361,ARRIVALS,CH,2013.0,29.4
362,ARRIVALS,CH,2014.0,40.6
363,ARRIVALS,CH,2015.0,33.1
364,ARRIVALS,CH,2016.0,28.7
365,ARRIVALS,CH,2017.0,22.4
366,ARRIVALS,CH,2018.0,41.2
367,ARRIVALS,CH,2019.0,37.5
368,ARRIVALS,CH,2020.0,0.0
369,ARRIVALS,CH,2021.0,0.0
370,ARRIVALS,TR,2012.0,14.0
371,ARRIVALS,TR,2013.0,10.7
372,ARRIVALS,TR,2014.0,16.2
373,ARRIVALS,TR,2015.0,26.3
374,ARRIVALS,TR,2016.0,15.7
375,ARRIVALS,TR,2017.0,0.0
376,ARRIVALS,TR,2018.0,0.0
377,ARRIVALS,TR,2019.0,16.7
378,ARRIVALS,TR,2020.0,0.0
379,ARRIVALS,TR,2021.0,0.0
380,ARRIVALS,UA,2012.0,79.3
381,ARRIVALS,UA,2013.0,78.7
382,ARRIVALS,UA,2014.0,58.7
383,ARRIVALS,UA,2015.0,99.7
384,ARRIVALS,UA,2016.0,76.8
385,ARRIVALS,UA,2017.0,99.5
386,ARRIVALS,UA,2018.0,123.6
387,ARRIVALS,UA,2019.0,217.7
388,ARRIVALS,UA,2020.0,38.8
389,ARRIVALS,UA,2021.0,75.3
390,ARRIVALS,HU,2012.0,12.4
391,ARRIVALS,HU,2013.0,11.0
392,ARRIVALS,HU,2014.0,10.2
393,ARRIVALS,HU,2015.0,10.7
394,ARRIVALS,HU,2016.0,12.2
395,ARRIVALS,HU,2017.0,11.4
396,ARRIVALS,HU,2018.0,0.0
397,ARRIVALS,HU,2019.0,11.4
398,ARRIVALS,HU,2020.0,0.0
399,ARRIVALS,HU,2021.0,0.0
400,ARRIVALS,UZ,2012.0,14.2
401,ARRIVALS,UZ,2013.0,18.1
402,ARRIVALS,UZ,2014.0,12.4
403,ARRIVALS,UZ,2015.0,7.9
404,ARRIVALS,UZ,2016.0,8.1
405,ARRIVALS,UZ,2017.0,0.0
406,ARRIVALS,UZ,2018.0,0.0
407,ARRIVALS,UZ,2019.0,25.1
408,ARRIVALS,UZ,2020.0,0.0
409,ARRIVALS,UZ,2021.0,15.3
410,ARRIVALS,DE,2012.0,261.2
411,ARRIVALS,DE,2013.0,265.3
412,ARRIVALS,DE,2014.0,298.9
413,ARRIVALS,DE,2015.0,332.4
414,ARRIVALS,DE,2016.0,447.2
415,ARRIVALS,DE,2017.0,485.1
416,ARRIVALS,DE,2018.0,465.2
417,ARRIVALS,DE,2019.0,511.2
418,ARRIVALS,DE,2020.0,100.4
419,ARRIVALS,DE,2021.0,90.8
420,ARRIVALS,SE,2012.0,345.3
421,ARRIVALS,SE,2013.0,346.0
422,ARRIVALS,SE,2014.0,415.4
423,ARRIVALS,SE,2015.0,338.0
424,ARRIVALS,SE,2016.0,125.2
425,ARRIVALS,SE,2017.0,214.9
426,ARRIVALS,SE,2018.0,337.0
427,ARRIVALS,SE,2019.0,204.8
428,ARRIVALS,SE,2020.0,70.3
429,ARRIVALS,SE,2021.0,37.3
430,ARRIVALS,EU28,2012.0,0.0
431,ARRIVALS,EU28,2013.0,4640.3
432,ARRIVALS,EU28,2014.0,5004.1
433,ARRIVALS,EU28,2015.0,5599.5
434,ARRIVALS,EU28,2016.0,5631.3
435,ARRIVALS,EU28,2017.0,6286.8
436,ARRIVALS,EU28,2018.0,6220.5
437,ARRIVALS,EU28,2019.0,6358.3
438,ARRIVALS,EU28,2020.0,0.0
439,ARRIVALS,EU28,2021.0,0.0
440,ARRIVALS,EU27_2007,2012.0,4457.4
441,ARRIVALS,EU27_2007,2013.0,0.0
442,ARRIVALS,EU27_2007,2014.0,0.0
443,ARRIVALS,EU27_2007,2015.0,0.0
444,ARRIVALS,EU27_2007,2016.0,0.0
445,ARRIVALS,EU27_2007,2017.0,0.0
446,ARRIVALS,EU27_2007,2018.0,0.0
447,ARRIVALS,EU27_2007,2019.0,0.0
448,ARRIVALS,EU27_2007,2020.0,0.0
449,ARRIVALS,EU27_2007,2021.0,0.0
450,ARRIVALS,EU27_2020,2012.0,0.0
451,ARRIVALS,EU27_2020,2013.0,0.0
452,ARRIVALS,EU27_2020,2014.0,0.0
453,ARRIVALS,EU27_2020,2015.0,0.0
454,ARRIVALS,EU27_2020,2016.0,0.0
455,ARRIVALS,EU27_2020,2017.0,0.0
456,ARRIVALS,EU27_2020,2018.0,0.0
457,ARRIVALS,EU27_2020,2019.0,0.0
458,ARRIVALS,EU27_2020,2020.0,2654.6
459,ARRIVALS,EU27_2020,2021.0,1356.3
460,ARRIVALS,CIS,2012.0,0.0
461,ARRIVALS,CIS,2013.0,0.0
462,ARRIVALS,CIS,2014.0,0.0
463,ARRIVALS,CIS,2015.0,0.0
464,ARRIVALS,CIS,2016.0,0.0
465,ARRIVALS,CIS,2017.0,0.0
466,ARRIVALS,CIS,2018.0,0.0
467,ARRIVALS,CIS,2019.0,0.0
468,ARRIVALS,CIS,2020.0,0.0
469,ARRIVALS,CIS,2021.0,0.0
470,ARRIVALS_OVERNIGHT,TOTAL,2012.0,1435.4
471,ARRIVALS_OVERNIGHT,TOTAL,2013.0,1536.0
472,ARRIVALS_OVERNIGHT,TOTAL,2014.0,1843.4
473,ARRIVALS_OVERNIGHT,TOTAL,2015.0,2023.5
474,ARRIVALS_OVERNIGHT,TOTAL,2016.0,1793.3
475,ARRIVALS_OVERNIGHT,TOTAL,2017.0,1949.5
476,ARRIVALS_OVERNIGHT,TOTAL,2018.0,1945.9
477,ARRIVALS_OVERNIGHT,TOTAL,2019.0,1934.8
478,ARRIVALS_OVERNIGHT,TOTAL,2020.0,635.6
479,ARRIVALS_OVERNIGHT,TOTAL,2021.0,477.6
480,ARRIVALS_OVERNIGHT,US,2012.0,0.0
481,ARRIVALS_OVERNIGHT,US,2013.0,0.0
482,ARRIVALS_OVERNIGHT,US,2014.0,0.0
483,ARRIVALS_OVERNIGHT,US,2015.0,0.0
484,ARRIVALS_OVERNIGHT,US,2016.0,0.0
485,ARRIVALS_OVERNIGHT,US,2017.0,0.0
486,ARRIVALS_OVERNIGHT,US,2018.0,0.0
487,ARRIVALS_OVERNIGHT,US,2019.0,0.0
488,ARRIVALS_OVERNIGHT,US,2020.0,0.0
489,ARRIVALS_OVERNIGHT,US,2021.0,0.0
490,ARRIVALS_OVERNIGHT,UK,2012.0,49.2
491,ARRIVALS_OVERNIGHT,UK,2013.0,53.2
492,ARRIVALS_OVERNIGHT,UK,2014.0,65.1
493,ARRIVALS_OVERNIGHT,UK,2015.0,112.4
494,ARRIVALS_OVERNIGHT,UK,2016.0,117.9
495,ARRIVALS_OVERNIGHT,UK,2017.0,230.6
496,ARRIVALS_OVERNIGHT,UK,2018.0,239.5
497,ARRIVALS_OVERNIGHT,UK,2019.0,251.0
498,ARRIVALS_OVERNIGHT,UK,2020.0,50.2
499,ARRIVALS_OVERNIGHT,UK,2021.0,70.1
500,ARRIVALS_OVERNIGHT,AM,2012.0,0.0
501,ARRIVALS_OVERNIGHT,AM,2013.0,0.0
502,ARRIVALS_OVERNIGHT,AM,2014.0,0.0
503,ARRIVALS_OVERNIGHT,AM,2015.0,0.0
504,ARRIVALS_OVERNIGHT,AM,2016.0,0.0
505,ARRIVALS_OVERNIGHT,AM,2017.0,0.0
506,ARRIVALS_OVERNIGHT,AM,2018.0,0.0
507,ARRIVALS_OVERNIGHT,AM,2019.0,0.0
508,ARRIVALS_OVERNIGHT,AM,2020.0,0.0
509,ARRIVALS_OVERNIGHT,AM,2021.0,0.0
510,ARRIVALS_OVERNIGHT,AU,2012.0,0.0
511,ARRIVALS_OVERNIGHT,AU,2013.0,0.0
512,ARRIVALS_OVERNIGHT,AU,2014.0,0.0
513,ARRIVALS_OVERNIGHT,AU,2015.0,0.0
514,ARRIVALS_OVERNIGHT,AU,2016.0,0.0
515,ARRIVALS_OVERNIGHT,AU,2017.0,0.0
516,ARRIVALS_OVERNIGHT,AU,2018.0,0.0
517,ARRIVALS_OVERNIGHT,AU,2019.0,0.0
518,ARRIVALS_OVERNIGHT,AU,2020.0,0.0
519,ARRIVALS_OVERNIGHT,AU,2021.0,0.0
520,ARRIVALS_OVERNIGHT,AT,2012.0,9.4
521,ARRIVALS_OVERNIGHT,AT,2013.0,11.5
522,ARRIVALS_OVERNIGHT,AT,2014.0,16.3
523,ARRIVALS_OVERNIGHT,AT,2015.0,15.5
524,ARRIVALS_OVERNIGHT,AT,2016.0,0.0
525,ARRIVALS_OVERNIGHT,AT,2017.0,30.8
526,ARRIVALS_OVERNIGHT,AT,2018.0,44.2
527,ARRIVALS_OVERNIGHT,AT,2019.0,0.0
528,ARRIVALS_OVERNIGHT,AT,2020.0,0.0
529,ARRIVALS_OVERNIGHT,AT,2021.0,0.0
530,ARRIVALS_OVERNIGHT,BY,2012.0,22.5
531,ARRIVALS_OVERNIGHT,BY,2013.0,29.6
532,ARRIVALS_OVERNIGHT,BY,2014.0,0.0
533,ARRIVALS_OVERNIGHT,BY,2015.0,0.0
534,ARRIVALS_OVERNIGHT,BY,2016.0,55.7
535,ARRIVALS_OVERNIGHT,BY,2017.0,47.2
536,ARRIVALS_OVERNIGHT,BY,2018.0,67.0
537,ARRIVALS_OVERNIGHT,BY,2019.0,22.6
538,ARRIVALS_OVERNIGHT,BY,2020.0,5.7
539,ARRIVALS_OVERNIGHT,BY,2021.0,9.4
540,ARRIVALS_OVERNIGHT,BE,2012.0,21.6
541,ARRIVALS_OVERNIGHT,BE,2013.0,27.7
542,ARRIVALS_OVERNIGHT,BE,2014.0,26.2
543,ARRIVALS_OVERNIGHT,BE,2015.0,39.2
544,ARRIVALS_OVERNIGHT,BE,2016.0,25.7
545,ARRIVALS_OVERNIGHT,BE,2017.0,39.6
546,ARRIVALS_OVERNIGHT,BE,2018.0,18.6
547,ARRIVALS_OVERNIGHT,BE,2019.0,19.2
548,ARRIVALS_OVERNIGHT,BE,2020.0,0.0
549,ARRIVALS_OVERNIGHT,BE,2021.0,0.0
550,ARRIVALS_OVERNIGHT,BG,2012.0,0.0
551,ARRIVALS_OVERNIGHT,BG,2013.0,0.0
552,ARRIVALS_OVERNIGHT,BG,2014.0,0.0
553,ARRIVALS_OVERNIGHT,BG,2015.0,0.0
554,ARRIVALS_OVERNIGHT,BG,2016.0,0.0
555,ARRIVALS_OVERNIGHT,BG,2017.0,0.0
556,ARRIVALS_OVERNIGHT,BG,2018.0,0.0
557,ARRIVALS_OVERNIGHT,BG,2019.0,0.0
558,ARRIVALS_OVERNIGHT,BG,2020.0,0.0
559,ARRIVALS_OVERNIGHT,BG,2021.0,0.0
560,ARRIVALS_OVERNIGHT,CZ,2012.0,10.6
561,ARRIVALS_OVERNIGHT,CZ,2013.0,13.2
562,ARRIVALS_OVERNIGHT,CZ,2014.0,16.4
563,ARRIVALS_OVERNIGHT,CZ,2015.0,21.6
564,ARRIVALS_OVERNIGHT,CZ,2016.0,16.5
565,ARRIVALS_OVERNIGHT,CZ,2017.0,11.6
566,ARRIVALS_OVERNIGHT,CZ,2018.0,0.0
567,ARRIVALS_OVERNIGHT,CZ,2019.0,21.5
568,ARRIVALS_OVERNIGHT,CZ,2020.0,0.0
569,ARRIVALS_OVERNIGHT,CZ,2021.0,0.0
570,ARRIVALS_OVERNIGHT,DK,2012.0,24.6
571,ARRIVALS_OVERNIGHT,DK,2013.0,27.7
572,ARRIVALS_OVERNIGHT,DK,2014.0,29.5
573,ARRIVALS_OVERNIGHT,DK,2015.0,30.4
574,ARRIVALS_OVERNIGHT,DK,2016.0,0.0
575,ARRIVALS_OVERNIGHT,DK,2017.0,32.8
576,ARRIVALS_OVERNIGHT,DK,2018.0,32.4
577,ARRIVALS_OVERNIGHT,DK,2019.0,18.5
578,ARRIVALS_OVERNIGHT,DK,2020.0,4.2
579,ARRIVALS_OVERNIGHT,DK,2021.0,5.6
580,ARRIVALS_OVERNIGHT,FR,2012.0,0.0
581,ARRIVALS_OVERNIGHT,FR,2013.0,0.0
582,ARRIVALS_OVERNIGHT,FR,2014.0,29.2
583,ARRIVALS_OVERNIGHT,FR,2015.0,0.0
584,ARRIVALS_OVERNIGHT,FR,2016.0,0.0
585,ARRIVALS_OVERNIGHT,FR,2017.0,0.0
586,ARRIVALS_OVERNIGHT,FR,2018.0,0.0
587,ARRIVALS_OVERNIGHT,FR,2019.0,17.0
588,ARRIVALS_OVERNIGHT,FR,2020.0,0.0
589,ARRIVALS_OVERNIGHT,FR,2021.0,0.0
590,ARRIVALS_OVERNIGHT,EL,2012.0,0.0
591,ARRIVALS_OVERNIGHT,EL,2013.0,0.0
592,ARRIVALS_OVERNIGHT,EL,2014.0,0.0
593,ARRIVALS_OVERNIGHT,EL,2015.0,0.0
594,ARRIVALS_OVERNIGHT,EL,2016.0,0.0
595,ARRIVALS_OVERNIGHT,EL,2017.0,0.0
596,ARRIVALS_OVERNIGHT,EL,2018.0,7.1
597,ARRIVALS_OVERNIGHT,EL,2019.0,0.0
598,ARRIVALS_OVERNIGHT,EL,2020.0,0.0
599,ARRIVALS_OVERNIGHT,EL,2021.0,0.0
600,ARRIVALS_OVERNIGHT,GE,2012.0,0.0
601,ARRIVALS_OVERNIGHT,GE,2013.0,0.0
602,ARRIVALS_OVERNIGHT,GE,2014.0,0.0
603,ARRIVALS_OVERNIGHT,GE,2015.0,0.0
604,ARRIVALS_OVERNIGHT,GE,2016.0,0.0
605,ARRIVALS_OVERNIGHT,GE,2017.0,0.0
606,ARRIVALS_OVERNIGHT,GE,2018.0,0.0
607,ARRIVALS_OVERNIGHT,GE,2019.0,0.0
608,ARRIVALS_OVERNIGHT,GE,2020.0,0.0
609,ARRIVALS_OVERNIGHT,GE,2021.0,0.0
610,ARRIVALS_OVERNIGHT,HR,2012.0,0.0
611,ARRIVALS_OVERNIGHT,HR,2013.0,0.0
612,ARRIVALS_OVERNIGHT,HR,2014.0,0.0
613,ARRIVALS_OVERNIGHT,HR,2015.0,0.0
614,ARRIVALS_OVERNIGHT,HR,2016.0,0.0
615,ARRIVALS_OVERNIGHT,HR,2017.0,0.0
616,ARRIVALS_OVERNIGHT,HR,2018.0,0.0
617,ARRIVALS_OVERNIGHT,HR,2019.0,0.0
618,ARRIVALS_OVERNIGHT,HR,2020.0,0.0
619,ARRIVALS_OVERNIGHT,HR,2021.0,0.0
620,ARRIVALS_OVERNIGHT,EE,2012.0,120.8
621,ARRIVALS_OVERNIGHT,EE,2013.0,146.1
622,ARRIVALS_OVERNIGHT,EE,2014.0,180.7
623,ARRIVALS_OVERNIGHT,EE,2015.0,283.3
624,ARRIVALS_OVERNIGHT,EE,2016.0,263.4
625,ARRIVALS_OVERNIGHT,EE,2017.0,191.9
626,ARRIVALS_OVERNIGHT,EE,2018.0,176.0
627,ARRIVALS_OVERNIGHT,EE,2019.0,210.3
628,ARRIVALS_OVERNIGHT,EE,2020.0,90.1
629,ARRIVALS_OVERNIGHT,EE,2021.0,45.2
630,ARRIVALS_OVERNIGHT,IN,2012.0,0.0
631,ARRIVALS_OVERNIGHT,IN,2013.0,0.0
632,ARRIVALS_OVERNIGHT,IN,2014.0,0.0
633,ARRIVALS_OVERNIGHT,IN,2015.0,0.0
634,ARRIVALS_OVERNIGHT,IN,2016.0,0.0
635,ARRIVALS_OVERNIGHT,IN,2017.0,0.0
636,ARRIVALS_OVERNIGHT,IN,2018.0,0.0
637,ARRIVALS_OVERNIGHT,IN,2019.0,0.0
638,ARRIVALS_OVERNIGHT,IN,2020.0,0.0
639,ARRIVALS_OVERNIGHT,IN,2021.0,0.0
640,ARRIVALS_OVERNIGHT,IS,2012.0,0.0
641,ARRIVALS_OVERNIGHT,IS,2013.0,0.0
642,ARRIVALS_OVERNIGHT,IS,2014.0,0.0
643,ARRIVALS_OVERNIGHT,IS,2015.0,0.0
644,ARRIVALS_OVERNIGHT,IS,2016.0,0.0
645,ARRIVALS_OVERNIGHT,IS,2017.0,0.0
646,ARRIVALS_OVERNIGHT,IS,2018.0,0.0
647,ARRIVALS_OVERNIGHT,IS,2019.0,0.0
648,ARRIVALS_OVERNIGHT,IS,2020.0,0.0
649,ARRIVALS_OVERNIGHT,IS,2021.0,0.0
650,ARRIVALS_OVERNIGHT,IT,2012.0,0.0
651,ARRIVALS_OVERNIGHT,IT,2013.0,0.0
652,ARRIVALS_OVERNIGHT,IT,2014.0,0.0
653,ARRIVALS_OVERNIGHT,IT,2015.0,0.0
654,ARRIVALS_OVERNIGHT,IT,2016.0,0.0
655,ARRIVALS_OVERNIGHT,IT,2017.0,0.0
656,ARRIVALS_OVERNIGHT,IT,2018.0,0.0
657,ARRIVALS_OVERNIGHT,IT,2019.0,32.2
658,ARRIVALS_OVERNIGHT,IT,2020.0,0.0
659,ARRIVALS_OVERNIGHT,IT,2021.0,8.5
660,ARRIVALS_OVERNIGHT,IL,2012.0,0.0
661,ARRIVALS_OVERNIGHT,IL,2013.0,0.0
662,ARRIVALS_OVERNIGHT,IL,2014.0,0.0
663,ARRIVALS_OVERNIGHT,IL,2015.0,0.0
664,ARRIVALS_OVERNIGHT,IL,2016.0,0.0
665,ARRIVALS_OVERNIGHT,IL,2017.0,0.0
666,ARRIVALS_OVERNIGHT,IL,2018.0,0.0
667,ARRIVALS_OVERNIGHT,IL,2019.0,0.0
668,ARRIVALS_OVERNIGHT,IL,2020.0,0.0
669,ARRIVALS_OVERNIGHT,IL,2021.0,0.0
670,ARRIVALS_OVERNIGHT,IE,2012.0,12.9
671,ARRIVALS_OVERNIGHT,IE,2013.0,25.2
672,ARRIVALS_OVERNIGHT,IE,2014.0,23.6
673,ARRIVALS_OVERNIGHT,IE,2015.0,17.9
674,ARRIVALS_OVERNIGHT,IE,2016.0,29.1
675,ARRIVALS_OVERNIGHT,IE,2017.0,73.3
676,ARRIVALS_OVERNIGHT,IE,2018.0,57.0
677,ARRIVALS_OVERNIGHT,IE,2019.0,55.4
678,ARRIVALS_OVERNIGHT,IE,2020.0,19.5
679,ARRIVALS_OVERNIGHT,IE,2021.0,12.1
680,ARRIVALS_OVERNIGHT,JP,2012.0,0.0
681,ARRIVALS_OVERNIGHT,JP,2013.0,0.0
682,ARRIVALS_OVERNIGHT,JP,2014.0,0.0
683,ARRIVALS_OVERNIGHT,JP,2015.0,0.0
684,ARRIVALS_OVERNIGHT,JP,2016.0,0.0
685,ARRIVALS_OVERNIGHT,JP,2017.0,0.0
686,ARRIVALS_OVERNIGHT,JP,2018.0,0.0
687,ARRIVALS_OVERNIGHT,JP,2019.0,0.0
688,ARRIVALS_OVERNIGHT,JP,2020.0,0.0
689,ARRIVALS_OVERNIGHT,JP,2021.0,0.0
690,ARRIVALS_OVERNIGHT,CA,2012.0,4.6
691,ARRIVALS_OVERNIGHT,CA,2013.0,4.8
692,ARRIVALS_OVERNIGHT,CA,2014.0,5.2
693,ARRIVALS_OVERNIGHT,CA,2015.0,0.0
694,ARRIVALS_OVERNIGHT,CA,2016.0,0.0
695,ARRIVALS_OVERNIGHT,CA,2017.0,0.0
696,ARRIVALS_OVERNIGHT,CA,2018.0,0.0
697,ARRIVALS_OVERNIGHT,CA,2019.0,0.0
698,ARRIVALS_OVERNIGHT,CA,2020.0,0.0
699,ARRIVALS_OVERNIGHT,CA,2021.0,0.0
700,ARRIVALS_OVERNIGHT,KZ,2012.0,4.1
701,ARRIVALS_OVERNIGHT,KZ,2013.0,4.8
702,ARRIVALS_OVERNIGHT,KZ,2014.0,7.6
703,ARRIVALS_OVERNIGHT,KZ,2015.0,5.4
704,ARRIVALS_OVERNIGHT,KZ,2016.0,4.5
705,ARRIVALS_OVERNIGHT,KZ,2017.0,0.0
706,ARRIVALS_OVERNIGHT,KZ,2018.0,0.0
707,ARRIVALS_OVERNIGHT,KZ,2019.0,0.0
708,ARRIVALS_OVERNIGHT,KZ,2020.0,0.0
709,ARRIVALS_OVERNIGHT,KZ,2021.0,0.0
710,ARRIVALS_OVERNIGHT,RU,2012.0,272.7
711,ARRIVALS_OVERNIGHT,RU,2013.0,332.6
712,ARRIVALS_OVERNIGHT,RU,2014.0,347.6
713,ARRIVALS_OVERNIGHT,RU,2015.0,279.1
714,ARRIVALS_OVERNIGHT,RU,2016.0,222.4
715,ARRIVALS_OVERNIGHT,RU,2017.0,243.0
716,ARRIVALS_OVERNIGHT,RU,2018.0,243.9
717,ARRIVALS_OVERNIGHT,RU,2019.0,297.8
718,ARRIVALS_OVERNIGHT,RU,2020.0,85.2
719,ARRIVALS_OVERNIGHT,RU,2021.0,75.6
720,ARRIVALS_OVERNIGHT,CN,2012.0,0.0
721,ARRIVALS_OVERNIGHT,CN,2013.0,0.0
722,ARRIVALS_OVERNIGHT,CN,2014.0,0.0
723,ARRIVALS_OVERNIGHT,CN,2015.0,0.0
724,ARRIVALS_OVERNIGHT,CN,2016.0,0.0
725,ARRIVALS_OVERNIGHT,CN,2017.0,0.0
726,ARRIVALS_OVERNIGHT,CN,2018.0,0.0
727,ARRIVALS_OVERNIGHT,CN,2019.0,0.0
728,ARRIVALS_OVERNIGHT,CN,2020.0,0.0
729,ARRIVALS_OVERNIGHT,CN,2021.0,0.0
730,ARRIVALS_OVERNIGHT,LT,2012.0,203.1
731,ARRIVALS_OVERNIGHT,LT,2013.0,209.5
732,ARRIVALS_OVERNIGHT,LT,2014.0,265.5
733,ARRIVALS_OVERNIGHT,LT,2015.0,345.6
734,ARRIVALS_OVERNIGHT,LT,2016.0,374.8
735,ARRIVALS_OVERNIGHT,LT,2017.0,300.5
736,ARRIVALS_OVERNIGHT,LT,2018.0,274.9
737,ARRIVALS_OVERNIGHT,LT,2019.0,308.5
738,ARRIVALS_OVERNIGHT,LT,2020.0,205.5
739,ARRIVALS_OVERNIGHT,LT,2021.0,66.3
740,ARRIVALS_OVERNIGHT,MD,2012.0,0.0
741,ARRIVALS_OVERNIGHT,MD,2013.0,0.0
742,ARRIVALS_OVERNIGHT,MD,2014.0,0.0
743,ARRIVALS_OVERNIGHT,MD,2015.0,0.0
744,ARRIVALS_OVERNIGHT,MD,2016.0,0.0
745,ARRIVALS_OVERNIGHT,MD,2017.0,0.0
746,ARRIVALS_OVERNIGHT,MD,2018.0,0.0
747,ARRIVALS_OVERNIGHT,MD,2019.0,0.0
748,ARRIVALS_OVERNIGHT,MD,2020.0,0.0
749,ARRIVALS_OVERNIGHT,MD,2021.0,0.0
750,ARRIVALS_OVERNIGHT,NL,2012.0,21.7
751,ARRIVALS_OVERNIGHT,NL,2013.0,26.3
752,ARRIVALS_OVERNIGHT,NL,2014.0,33.8
753,ARRIVALS_OVERNIGHT,NL,2015.0,44.1
754,ARRIVALS_OVERNIGHT,NL,2016.0,0.0
755,ARRIVALS_OVERNIGHT,NL,2017.0,0.0
756,ARRIVALS_OVERNIGHT,NL,2018.0,0.0
757,ARRIVALS_OVERNIGHT,NL,2019.0,0.0
758,ARRIVALS_OVERNIGHT,NL,2020.0,0.0
759,ARRIVALS_OVERNIGHT,NL,2021.0,5.0
760,ARRIVALS_OVERNIGHT,NO,2012.0,76.3
761,ARRIVALS_OVERNIGHT,NO,2013.0,85.2
762,ARRIVALS_OVERNIGHT,NO,2014.0,85.1
763,ARRIVALS_OVERNIGHT,NO,2015.0,93.9
764,ARRIVALS_OVERNIGHT,NO,2016.0,0.0
765,ARRIVALS_OVERNIGHT,NO,2017.0,0.0
766,ARRIVALS_OVERNIGHT,NO,2018.0,0.0
767,ARRIVALS_OVERNIGHT,NO,2019.0,40.5
768,ARRIVALS_OVERNIGHT,NO,2020.0,12.8
769,ARRIVALS_OVERNIGHT,NO,2021.0,11.7
770,ARRIVALS_OVERNIGHT,PL,2012.0,0.0
771,ARRIVALS_OVERNIGHT,PL,2013.0,0.0
772,ARRIVALS_OVERNIGHT,PL,2014.0,45.7
773,ARRIVALS_OVERNIGHT,PL,2015.0,50.3
774,ARRIVALS_OVERNIGHT,PL,2016.0,54.6
775,ARRIVALS_OVERNIGHT,PL,2017.0,55.3
776,ARRIVALS_OVERNIGHT,PL,2018.0,43.4
777,ARRIVALS_OVERNIGHT,PL,2019.0,44.7
778,ARRIVALS_OVERNIGHT,PL,2020.0,19.9
779,ARRIVALS_OVERNIGHT,PL,2021.0,15.6
780,ARRIVALS_OVERNIGHT,PT,2012.0,0.0
781,ARRIVALS_OVERNIGHT,PT,2013.0,0.0
782,ARRIVALS_OVERNIGHT,PT,2014.0,0.0
783,ARRIVALS_OVERNIGHT,PT,2015.0,0.0
784,ARRIVALS_OVERNIGHT,PT,2016.0,0.0
785,ARRIVALS_OVERNIGHT,PT,2017.0,0.0
786,ARRIVALS_OVERNIGHT,PT,2018.0,0.0
787,ARRIVALS_OVERNIGHT,PT,2019.0,0.0
788,ARRIVALS_OVERNIGHT,PT,2020.0,0.0
789,ARRIVALS_OVERNIGHT,PT,2021.0,0.0
790,ARRIVALS_OVERNIGHT,RO,2012.0,0.0
791,ARRIVALS_OVERNIGHT,RO,2013.0,0.0
792,ARRIVALS_OVERNIGHT,RO,2014.0,0.0
793,ARRIVALS_OVERNIGHT,RO,2015.0,0.0
794,ARRIVALS_OVERNIGHT,RO,2016.0,0.0
795,ARRIVALS_OVERNIGHT,RO,2017.0,0.0
796,ARRIVALS_OVERNIGHT,RO,2018.0,0.0
797,ARRIVALS_OVERNIGHT,RO,2019.0,0.0
798,ARRIVALS_OVERNIGHT,RO,2020.0,0.0
799,ARRIVALS_OVERNIGHT,RO,2021.0,0.0
800,ARRIVALS_OVERNIGHT,SK,2012.0,0.0
801,ARRIVALS_OVERNIGHT,SK,2013.0,0.0
802,ARRIVALS_OVERNIGHT,SK,2014.0,0.0
803,ARRIVALS_OVERNIGHT,SK,2015.0,0.0
804,ARRIVALS_OVERNIGHT,SK,2016.0,0.0
805,ARRIVALS_OVERNIGHT,SK,2017.0,0.0
806,ARRIVALS_OVERNIGHT,SK,2018.0,0.0
807,ARRIVALS_OVERNIGHT,SK,2019.0,0.0
808,ARRIVALS_OVERNIGHT,SK,2020.0,0.0
809,ARRIVALS_OVERNIGHT,SK,2021.0,0.0
810,ARRIVALS_OVERNIGHT,FI,2012.0,0.0
811,ARRIVALS_OVERNIGHT,FI,2013.0,71.7
812,ARRIVALS_OVERNIGHT,FI,2014.0,79.5
813,ARRIVALS_OVERNIGHT,FI,2015.0,107.5
814,ARRIVALS_OVERNIGHT,FI,2016.0,0.0
815,ARRIVALS_OVERNIGHT,FI,2017.0,0.0
816,ARRIVALS_OVERNIGHT,FI,2018.0,0.0
817,ARRIVALS_OVERNIGHT,FI,2019.0,82.5
818,ARRIVALS_OVERNIGHT,FI,2020.0,35.6
819,ARRIVALS_OVERNIGHT,FI,2021.0,17.9
820,ARRIVALS_OVERNIGHT,ES,2012.0,0.0
821,ARRIVALS_OVERNIGHT,ES,2013.0,0.0
822,ARRIVALS_OVERNIGHT,ES,2014.0,0.0
823,ARRIVALS_OVERNIGHT,ES,2015.0,0.0
824,ARRIVALS_OVERNIGHT,ES,2016.0,0.0
825,ARRIVALS_OVERNIGHT,ES,2017.0,0.0
826,ARRIVALS_OVERNIGHT,ES,2018.0,0.0
827,ARRIVALS_OVERNIGHT,ES,2019.0,0.0
828,ARRIVALS_OVERNIGHT,ES,2020.0,0.0
829,ARRIVALS_OVERNIGHT,ES,2021.0,0.0
830,ARRIVALS_OVERNIGHT,CH,2012.0,12.2
831,ARRIVALS_OVERNIGHT,CH,2013.0,13.9
832,ARRIVALS_OVERNIGHT,CH,2014.0,23.0
833,ARRIVALS_OVERNIGHT,CH,2015.0,21.1
834,ARRIVALS_OVERNIGHT,CH,2016.0,0.0
835,ARRIVALS_OVERNIGHT,CH,2017.0,0.0
836,ARRIVALS_OVERNIGHT,CH,2018.0,23.9
837,ARRIVALS_OVERNIGHT,CH,2019.0,0.0
838,ARRIVALS_OVERNIGHT,CH,2020.0,0.0
839,ARRIVALS_OVERNIGHT,CH,2021.0,0.0
840,ARRIVALS_OVERNIGHT,TR,2012.0,0.0
841,ARRIVALS_OVERNIGHT,TR,2013.0,0.0
842,ARRIVALS_OVERNIGHT,TR,2014.0,0.0
843,ARRIVALS_OVERNIGHT,TR,2015.0,0.0
844,ARRIVALS_OVERNIGHT,TR,2016.0,0.0
845,ARRIVALS_OVERNIGHT,TR,2017.0,0.0
846,ARRIVALS_OVERNIGHT,TR,2018.0,0.0
847,ARRIVALS_OVERNIGHT,TR,2019.0,0.0
848,ARRIVALS_OVERNIGHT,TR,2020.0,0.0
849,ARRIVALS_OVERNIGHT,TR,2021.0,0.0
850,ARRIVALS_OVERNIGHT,UA,2012.0,21.6
851,ARRIVALS_OVERNIGHT,UA,2013.0,26.7
852,ARRIVALS_OVERNIGHT,UA,2014.0,0.0
853,ARRIVALS_OVERNIGHT,UA,2015.0,32.2
854,ARRIVALS_OVERNIGHT,UA,2016.0,0.0
855,ARRIVALS_OVERNIGHT,UA,2017.0,0.0
856,ARRIVALS_OVERNIGHT,UA,2018.0,0.0
857,ARRIVALS_OVERNIGHT,UA,2019.0,42.0
858,ARRIVALS_OVERNIGHT,UA,2020.0,0.0
859,ARRIVALS_OVERNIGHT,UA,2021.0,14.0
860,ARRIVALS_OVERNIGHT,HU,2012.0,0.0
861,ARRIVALS_OVERNIGHT,HU,2013.0,0.0
862,ARRIVALS_OVERNIGHT,HU,2014.0,6.5
863,ARRIVALS_OVERNIGHT,HU,2015.0,7.4
864,ARRIVALS_OVERNIGHT,HU,2016.0,0.0
865,ARRIVALS_OVERNIGHT,HU,2017.0,0.0
866,ARRIVALS_OVERNIGHT,HU,2018.0,0.0
867,ARRIVALS_OVERNIGHT,HU,2019.0,0.0
868,ARRIVALS_OVERNIGHT,HU,2020.0,0.0
869,ARRIVALS_OVERNIGHT,HU,2021.0,0.0
870,ARRIVALS_OVERNIGHT,UZ,2012.0,0.0
871,ARRIVALS_OVERNIGHT,UZ,2013.0,0.0
872,ARRIVALS_OVERNIGHT,UZ,2014.0,0.0
873,ARRIVALS_OVERNIGHT,UZ,2015.0,0.0
874,ARRIVALS_OVERNIGHT,UZ,2016.0,0.0
875,ARRIVALS_OVERNIGHT,UZ,2017.0,0.0
876,ARRIVALS_OVERNIGHT,UZ,2018.0,0.0
877,ARRIVALS_OVERNIGHT,UZ,2019.0,0.0
878,ARRIVALS_OVERNIGHT,UZ,2020.0,0.0
879,ARRIVALS_OVERNIGHT,UZ,2021.0,0.0
880,ARRIVALS_OVERNIGHT,DE,2012.0,122.6
881,ARRIVALS_OVERNIGHT,DE,2013.0,123.4
882,ARRIVALS_OVERNIGHT,DE,2014.0,168.3
883,ARRIVALS_OVERNIGHT,DE,2015.0,181.6
884,ARRIVALS_OVERNIGHT,DE,2016.0,193.7
885,ARRIVALS_OVERNIGHT,DE,2017.0,255.4
886,ARRIVALS_OVERNIGHT,DE,2018.0,259.8
887,ARRIVALS_OVERNIGHT,DE,2019.0,245.0
888,ARRIVALS_OVERNIGHT,DE,2020.0,44.0
889,ARRIVALS_OVERNIGHT,DE,2021.0,47.9
890,ARRIVALS_OVERNIGHT,SE,2012.0,191.5
891,ARRIVALS_OVERNIGHT,SE,2013.0,194.7
892,ARRIVALS_OVERNIGHT,SE,2014.0,161.8
893,ARRIVALS_OVERNIGHT,SE,2015.0,116.4
894,ARRIVALS_OVERNIGHT,SE,2016.0,73.3
895,ARRIVALS_OVERNIGHT,SE,2017.0,78.6
896,ARRIVALS_OVERNIGHT,SE,2018.0,90.9
897,ARRIVALS_OVERNIGHT,SE,2019.0,40.3
898,ARRIVALS_OVERNIGHT,SE,2020.0,12.5
899,ARRIVALS_OVERNIGHT,SE,2021.0,12.6
900,ARRIVALS_OVERNIGHT,EU28,2012.0,0.0
901,ARRIVALS_OVERNIGHT,EU28,2013.0,977.2
902,ARRIVALS_OVERNIGHT,EU28,2014.0,1223.8
903,ARRIVALS_OVERNIGHT,EU28,2015.0,1470.1
904,ARRIVALS_OVERNIGHT,EU28,2016.0,1344.2
905,ARRIVALS_OVERNIGHT,EU28,2017.0,1496.9
906,ARRIVALS_OVERNIGHT,EU28,2018.0,1426.4
907,ARRIVALS_OVERNIGHT,EU28,2019.0,1406.5
908,ARRIVALS_OVERNIGHT,EU28,2020.0,0.0
909,ARRIVALS_OVERNIGHT,EU28,2021.0,0.0
910,ARRIVALS_OVERNIGHT,EU27_2007,2012.0,955.7
911,ARRIVALS_OVERNIGHT,EU27_2007,2013.0,0.0
912,ARRIVALS_OVERNIGHT,EU27_2007,2014.0,0.0
913,ARRIVALS_OVERNIGHT,EU27_2007,2015.0,0.0
914,ARRIVALS_OVERNIGHT,EU27_2007,2016.0,0.0
915,ARRIVALS_OVERNIGHT,EU27_2007,2017.0,0.0
916,ARRIVALS_OVERNIGHT,EU27_2007,2018.0,0.0
917,ARRIVALS_OVERNIGHT,EU27_2007,2019.0,0.0
918,ARRIVALS_OVERNIGHT,EU27_2007,2020.0,0.0
919,ARRIVALS_OVERNIGHT,EU27_2007,2021.0,0.0
920,ARRIVALS_OVERNIGHT,EU27_2020,2012.0,0.0
921,ARRIVALS_OVERNIGHT,EU27_2020,2013.0,0.0
922,ARRIVALS_OVERNIGHT,EU27_2020,2014.0,0.0
923,ARRIVALS_OVERNIGHT,EU27_2020,2015.0,0.0
924,ARRIVALS_OVERNIGHT,EU27_2020,2016.0,0.0
925,ARRIVALS_OVERNIGHT,EU27_2020,2017.0,0.0
926,ARRIVALS_OVERNIGHT,EU27_2020,2018.0,0.0
927,ARRIVALS_OVERNIGHT,EU27_2020,2019.0,0.0
928,ARRIVALS_OVERNIGHT,EU27_2020,2020.0,460.7
929,ARRIVALS_OVERNIGHT,EU27_2020,2021.0,276.4
930,ARRIVALS_OVERNIGHT,CIS,2012.0,0.0
931,ARRIVALS_OVERNIGHT,CIS,2013.0,0.0
932,ARRIVALS_OVERNIGHT,CIS,2014.0,0.0
933,ARRIVALS_OVERNIGHT,CIS,2015.0,0.0
934,ARRIVALS_OVERNIGHT,CIS,2016.0,0.0
935,ARRIVALS_OVERNIGHT,CIS,2017.0,0.0
936,ARRIVALS_OVERNIGHT,CIS,2018.0,0.0
937,ARRIVALS_OVERNIGHT,CIS,2019.0,0.0
938,ARRIVALS_OVERNIGHT,CIS,2020.0,0.0
939,ARRIVALS_OVERNIGHT,CIS,2021.0,0.0
